150;"Europe";155;"Western Europe";250;"fr";"France";"Alsace";"Bas-Rhin"
150;"Europe";155;"Western Europe";250;"fr";"France";"Alsace";"Haut-Rhin"
150;"Europe";155;"Western Europe";250;"fr";"France";"Aquitaine";"Dordogne"
150;"Europe";155;"Western Europe";250;"fr";"France";"Aquitaine";"Gironde"
150;"Europe";155;"Western Europe";250;"fr";"France";"Aquitaine";"Landes"
150;"Europe";155;"Western Europe";250;"fr";"France";"Aquitaine";"Lot-et-Garonne"
150;"Europe";155;"Western Europe";250;"fr";"France";"Aquitaine";"Pyrénées-Atlantiques"
150;"Europe";155;"Western Europe";250;"fr";"France";"Auvergne";"Allier"
150;"Europe";155;"Western Europe";250;"fr";"France";"Auvergne";"Cantal"
150;"Europe";155;"Western Europe";250;"fr";"France";"Auvergne";"Haute-Loire"
150;"Europe";155;"Western Europe";250;"fr";"France";"Auvergne";"Puy-de-Dôme"
150;"Europe";155;"Western Europe";250;"fr";"France";"Basse-Normandie";"Calvados"
150;"Europe";155;"Western Europe";250;"fr";"France";"Basse-Normandie";"Manche"
150;"Europe";155;"Western Europe";250;"fr";"France";"Basse-Normandie";"Orne"
150;"Europe";155;"Western Europe";250;"fr";"France";"Bourgogne";"Côte-d'Or"
150;"Europe";155;"Western Europe";250;"fr";"France";"Bourgogne";"Nièvre"
150;"Europe";155;"Western Europe";250;"fr";"France";"Bourgogne";"Saône-et-Loire"
150;"Europe";155;"Western Europe";250;"fr";"France";"Bourgogne";"Yonne"
150;"Europe";155;"Western Europe";250;"fr";"France";"Bretagne";"Côtes-d'Armor"
150;"Europe";155;"Western Europe";250;"fr";"France";"Bretagne";"Finistère"
150;"Europe";155;"Western Europe";250;"fr";"France";"Bretagne";"Ille-et-Vilaine"
150;"Europe";155;"Western Europe";250;"fr";"France";"Bretagne";"Morbihan"
150;"Europe";155;"Western Europe";250;"fr";"France";"Centre";"Cher"
150;"Europe";155;"Western Europe";250;"fr";"France";"Centre";"Eure-et-Loir"
150;"Europe";155;"Western Europe";250;"fr";"France";"Centre";"Indre"
150;"Europe";155;"Western Europe";250;"fr";"France";"Centre";"Indre-et-Loire"
150;"Europe";155;"Western Europe";250;"fr";"France";"Centre";"Loir-et-Cher"
150;"Europe";155;"Western Europe";250;"fr";"France";"Centre";"Loiret"
150;"Europe";155;"Western Europe";250;"fr";"France";"Champagne-Ardenne";"Ardennes"
150;"Europe";155;"Western Europe";250;"fr";"France";"Champagne-Ardenne";"Aube"
150;"Europe";155;"Western Europe";250;"fr";"France";"Champagne-Ardenne";"Haute-Marne"
150;"Europe";155;"Western Europe";250;"fr";"France";"Champagne-Ardenne";"Marne"
150;"Europe";155;"Western Europe";250;"fr";"France";"Corse";"Corse-du-Sud"
150;"Europe";155;"Western Europe";250;"fr";"France";"Corse";"Haute-Corse"
150;"Europe";155;"Western Europe";250;"fr";"France";"Franche-Comté";"Doubs"
150;"Europe";155;"Western Europe";250;"fr";"France";"Franche-Comté";"Haute-Saône"
150;"Europe";155;"Western Europe";250;"fr";"France";"Franche-Comté";"Jura"
150;"Europe";155;"Western Europe";250;"fr";"France";"Franche-Comté";"Territoire de Belfort"
150;"Europe";155;"Western Europe";250;"fr";"France";"Haute-Normandie";"Eure"
150;"Europe";155;"Western Europe";250;"fr";"France";"Haute-Normandie";"Seine-Maritime"
150;"Europe";155;"Western Europe";250;"fr";"France";"Île-de-France";"Essonne"
150;"Europe";155;"Western Europe";250;"fr";"France";"Île-de-France";"Hauts-de-Seine"
150;"Europe";155;"Western Europe";250;"fr";"France";"Île-de-France";"Seine-et-Marne"
150;"Europe";155;"Western Europe";250;"fr";"France";"Île-de-France";"Seine-Saint-Denis"
150;"Europe";155;"Western Europe";250;"fr";"France";"Île-de-France";"Val-d'Oise"
150;"Europe";155;"Western Europe";250;"fr";"France";"Île-de-France";"Val-de-Marne"
150;"Europe";155;"Western Europe";250;"fr";"France";"Île-de-France";"Ville de Paris"
150;"Europe";155;"Western Europe";250;"fr";"France";"Île-de-France";"Yvelines"
150;"Europe";155;"Western Europe";250;"fr";"France";"Languedoc-Roussillon";"Aude"
150;"Europe";155;"Western Europe";250;"fr";"France";"Languedoc-Roussillon";"Gard"
150;"Europe";155;"Western Europe";250;"fr";"France";"Languedoc-Roussillon";"Hérault"
150;"Europe";155;"Western Europe";250;"fr";"France";"Languedoc-Roussillon";"Lozère"
150;"Europe";155;"Western Europe";250;"fr";"France";"Languedoc-Roussillon";"Pyrénées-Orientales"
150;"Europe";155;"Western Europe";250;"fr";"France";"Limousin";"Corrèze"
150;"Europe";155;"Western Europe";250;"fr";"France";"Limousin";"Creuse"
150;"Europe";155;"Western Europe";250;"fr";"France";"Limousin";"Haute-Vienne"
150;"Europe";155;"Western Europe";250;"fr";"France";"Lorraine";"Meurthe-et-Moselle"
150;"Europe";155;"Western Europe";250;"fr";"France";"Lorraine";"Meuse"
150;"Europe";155;"Western Europe";250;"fr";"France";"Lorraine";"Moselle"
150;"Europe";155;"Western Europe";250;"fr";"France";"Lorraine";"Vosges"
150;"Europe";155;"Western Europe";250;"fr";"France";"Midi-Pyrénées";"Ariège"
150;"Europe";155;"Western Europe";250;"fr";"France";"Midi-Pyrénées";"Aveyron"
150;"Europe";155;"Western Europe";250;"fr";"France";"Midi-Pyrénées";"Gers"
150;"Europe";155;"Western Europe";250;"fr";"France";"Midi-Pyrénées";"Haute-Garonne"
150;"Europe";155;"Western Europe";250;"fr";"France";"Midi-Pyrénées";"Hautes-Pyrénées"
150;"Europe";155;"Western Europe";250;"fr";"France";"Midi-Pyrénées";"Lot"
150;"Europe";155;"Western Europe";250;"fr";"France";"Midi-Pyrénées";"Tarn"
150;"Europe";155;"Western Europe";250;"fr";"France";"Midi-Pyrénées";"Tarn-et-Garonne"
150;"Europe";155;"Western Europe";250;"fr";"France";"Nord-Pas-de-Calais";"Nord"
150;"Europe";155;"Western Europe";250;"fr";"France";"Nord-Pas-de-Calais";"Pas-de-Calais"
150;"Europe";155;"Western Europe";250;"fr";"France";"Pays de la Loire";"Loire-Atlantique"
150;"Europe";155;"Western Europe";250;"fr";"France";"Pays de la Loire";"Maine-et-Loire"
150;"Europe";155;"Western Europe";250;"fr";"France";"Pays de la Loire";"Mayenne"
150;"Europe";155;"Western Europe";250;"fr";"France";"Pays de la Loire";"Sarthe"
150;"Europe";155;"Western Europe";250;"fr";"France";"Pays de la Loire";"Vendée"
150;"Europe";155;"Western Europe";250;"fr";"France";"Picardie";"Aisne"
150;"Europe";155;"Western Europe";250;"fr";"France";"Picardie";"Oise"
150;"Europe";155;"Western Europe";250;"fr";"France";"Picardie";"Somme"
150;"Europe";155;"Western Europe";250;"fr";"France";"Poitou-Charentes";"Charente"
150;"Europe";155;"Western Europe";250;"fr";"France";"Poitou-Charentes";"Charente-Maritime"
150;"Europe";155;"Western Europe";250;"fr";"France";"Poitou-Charentes";"Deux-Sèvres"
150;"Europe";155;"Western Europe";250;"fr";"France";"Poitou-Charentes";"Vienne"
150;"Europe";155;"Western Europe";250;"fr";"France";"Provence-Alpes-Côte-d'Azur";"Alpes-de-Haute-Provence"
150;"Europe";155;"Western Europe";250;"fr";"France";"Provence-Alpes-Côte-d'Azur";"Alpes-Maritimes"
150;"Europe";155;"Western Europe";250;"fr";"France";"Provence-Alpes-Côte-d'Azur";"Bouches-du-Rhône"
150;"Europe";155;"Western Europe";250;"fr";"France";"Provence-Alpes-Côte-d'Azur";"Hautes-Alpes"
150;"Europe";155;"Western Europe";250;"fr";"France";"Provence-Alpes-Côte-d'Azur";"Var"
150;"Europe";155;"Western Europe";250;"fr";"France";"Provence-Alpes-Côte-d'Azur";"Vaucluse"
150;"Europe";155;"Western Europe";250;"fr";"France";"Rhône-Alpes";"Ain"
150;"Europe";155;"Western Europe";250;"fr";"France";"Rhône-Alpes";"Ardèche"
150;"Europe";155;"Western Europe";250;"fr";"France";"Rhône-Alpes";"Drôme"
150;"Europe";155;"Western Europe";250;"fr";"France";"Rhône-Alpes";"Haute-Savoie"
150;"Europe";155;"Western Europe";250;"fr";"France";"Rhône-Alpes";"Isère"
150;"Europe";155;"Western Europe";250;"fr";"France";"Rhône-Alpes";"Loire"
150;"Europe";155;"Western Europe";250;"fr";"France";"Rhône-Alpes";"Rhône"
150;"Europe";155;"Western Europe";250;"fr";"France";"Rhône-Alpes";"Savoie"
150;"Europe";154;"Northern Europe";826;"uk";"United Kingdom";"East Anglia";"Cambridgeshire"
150;"Europe";154;"Northern Europe";826;"uk";"United Kingdom";"East Anglia";"Norfolk"
150;"Europe";154;"Northern Europe";826;"uk";"United Kingdom";"East Anglia";"Suffolk"
150;"Europe";154;"Northern Europe";826;"uk";"United Kingdom";"East Midlands";"Derbyshire"
150;"Europe";154;"Northern Europe";826;"uk";"United Kingdom";"East Midlands";"Herefordshire"
150;"Europe";154;"Northern Europe";826;"uk";"United Kingdom";"East Midlands";"Leicestershire"
150;"Europe";154;"Northern Europe";826;"uk";"United Kingdom";"East Midlands";"Lincolnshire"
150;"Europe";154;"Northern Europe";826;"uk";"United Kingdom";"East Midlands";"Northamptonshire"
150;"Europe";154;"Northern Europe";826;"uk";"United Kingdom";"East Midlands";"Nottinghamshire"
150;"Europe";154;"Northern Europe";826;"uk";"United Kingdom";"East Midlands";"Shropshire"
150;"Europe";154;"Northern Europe";826;"uk";"United Kingdom";"London";"London"
150;"Europe";154;"Northern Europe";826;"uk";"United Kingdom";"London";"London East DO"
150;"Europe";154;"Northern Europe";826;"uk";"United Kingdom";"London";"London EC DO"
150;"Europe";154;"Northern Europe";826;"uk";"United Kingdom";"London";"London North DO"
150;"Europe";154;"Northern Europe";826;"uk";"United Kingdom";"London";"London NW DO"
150;"Europe";154;"Northern Europe";826;"uk";"United Kingdom";"London";"London Paddington"
150;"Europe";154;"Northern Europe";826;"uk";"United Kingdom";"London";"London SE DO"
150;"Europe";154;"Northern Europe";826;"uk";"United Kingdom";"London";"London SW1"
150;"Europe";154;"Northern Europe";826;"uk";"United Kingdom";"London";"London WC DO"
150;"Europe";154;"Northern Europe";826;"uk";"United Kingdom";"Midlands";"Hereford & Worcester"
150;"Europe";154;"Northern Europe";826;"uk";"United Kingdom";"Midlands";"Salop"
150;"Europe";154;"Northern Europe";826;"uk";"United Kingdom";"Midlands";"Staffordshire"
150;"Europe";154;"Northern Europe";826;"uk";"United Kingdom";"Midlands";"Warwickshire"
150;"Europe";154;"Northern Europe";826;"uk";"United Kingdom";"Midlands";"West Midlands"
150;"Europe";154;"Northern Europe";826;"uk";"United Kingdom";"North West";"Cheshire"
150;"Europe";154;"Northern Europe";826;"uk";"United Kingdom";"North West";"Lancashire"
150;"Europe";154;"Northern Europe";826;"uk";"United Kingdom";"North West";"Merseyside"
150;"Europe";154;"Northern Europe";826;"uk";"United Kingdom";"Northern";"Cleveland"
150;"Europe";154;"Northern Europe";826;"uk";"United Kingdom";"Northern";"County Durham"
150;"Europe";154;"Northern Europe";826;"uk";"United Kingdom";"Northern";"Cumbria"
150;"Europe";154;"Northern Europe";826;"uk";"United Kingdom";"Northern";"Northumberland"
150;"Europe";154;"Northern Europe";826;"uk";"United Kingdom";"Northern";"Tyne & Wear"
150;"Europe";154;"Northern Europe";826;"uk";"United Kingdom";"Northern Ireland";"County Antrim"
150;"Europe";154;"Northern Europe";826;"uk";"United Kingdom";"Northern Ireland";"County Armagh"
150;"Europe";154;"Northern Europe";826;"uk";"United Kingdom";"Northern Ireland";"County Down"
150;"Europe";154;"Northern Europe";826;"uk";"United Kingdom";"Northern Ireland";"County Fermanagh"
150;"Europe";154;"Northern Europe";826;"uk";"United Kingdom";"Northern Ireland";"County Londonderry"
150;"Europe";154;"Northern Europe";826;"uk";"United Kingdom";"Northern Ireland";"County Tyrone"
150;"Europe";154;"Northern Europe";826;"uk";"United Kingdom";"Scotland";"Borders"
150;"Europe";154;"Northern Europe";826;"uk";"United Kingdom";"Scotland";"Central"
150;"Europe";154;"Northern Europe";826;"uk";"United Kingdom";"Scotland";"Dumfries and Galloway"
150;"Europe";154;"Northern Europe";826;"uk";"United Kingdom";"Scotland";"Fife"
150;"Europe";154;"Northern Europe";826;"uk";"United Kingdom";"Scotland";"Grampian"
150;"Europe";154;"Northern Europe";826;"uk";"United Kingdom";"Scotland";"Highland"
150;"Europe";154;"Northern Europe";826;"uk";"United Kingdom";"Scotland";"Lothians"
150;"Europe";154;"Northern Europe";826;"uk";"United Kingdom";"Scotland";"Orkney"
150;"Europe";154;"Northern Europe";826;"uk";"United Kingdom";"Scotland";"Shetlands"
150;"Europe";154;"Northern Europe";826;"uk";"United Kingdom";"Scotland";"Strathclyde"
150;"Europe";154;"Northern Europe";826;"uk";"United Kingdom";"Scotland";"Tayside"
150;"Europe";154;"Northern Europe";826;"uk";"United Kingdom";"Scotland";"Western Isles"
150;"Europe";154;"Northern Europe";826;"uk";"United Kingdom";"South East";"Bedfordshire"
150;"Europe";154;"Northern Europe";826;"uk";"United Kingdom";"South East";"Berkshire"
150;"Europe";154;"Northern Europe";826;"uk";"United Kingdom";"South East";"Buckinghamshire"
150;"Europe";154;"Northern Europe";826;"uk";"United Kingdom";"South East";"East Sussex"
150;"Europe";154;"Northern Europe";826;"uk";"United Kingdom";"South East";"Essex"
150;"Europe";154;"Northern Europe";826;"uk";"United Kingdom";"South East";"Hampshire"
150;"Europe";154;"Northern Europe";826;"uk";"United Kingdom";"South East";"Hertfordshire"
150;"Europe";154;"Northern Europe";826;"uk";"United Kingdom";"South East";"Isle of Man"
150;"Europe";154;"Northern Europe";826;"uk";"United Kingdom";"South East";"Isle of Wight"
150;"Europe";154;"Northern Europe";826;"uk";"United Kingdom";"South East";"Kent"
150;"Europe";154;"Northern Europe";826;"uk";"United Kingdom";"South East";"Middlesex"
150;"Europe";154;"Northern Europe";826;"uk";"United Kingdom";"South East";"Oxfordshire"
150;"Europe";154;"Northern Europe";826;"uk";"United Kingdom";"South East";"Surrey"
150;"Europe";154;"Northern Europe";826;"uk";"United Kingdom";"South East";"West Sussex"
150;"Europe";154;"Northern Europe";826;"uk";"United Kingdom";"South West";"Avon"
150;"Europe";154;"Northern Europe";826;"uk";"United Kingdom";"South West";"Channel Islands"
150;"Europe";154;"Northern Europe";826;"uk";"United Kingdom";"South West";"Cornwall"
150;"Europe";154;"Northern Europe";826;"uk";"United Kingdom";"South West";"Devon"
150;"Europe";154;"Northern Europe";826;"uk";"United Kingdom";"South West";"Dorset"
150;"Europe";154;"Northern Europe";826;"uk";"United Kingdom";"South West";"Gloucestershire"
150;"Europe";154;"Northern Europe";826;"uk";"United Kingdom";"South West";"Gurnsey"
150;"Europe";154;"Northern Europe";826;"uk";"United Kingdom";"South West";"Isles Of Scilly"
150;"Europe";154;"Northern Europe";826;"uk";"United Kingdom";"South West";"Somerset"
150;"Europe";154;"Northern Europe";826;"uk";"United Kingdom";"South West";"Wiltshire"
150;"Europe";154;"Northern Europe";826;"uk";"United Kingdom";"Wales";"Clywd"
150;"Europe";154;"Northern Europe";826;"uk";"United Kingdom";"Wales";"Dyfed"
150;"Europe";154;"Northern Europe";826;"uk";"United Kingdom";"Wales";"Gwent"
150;"Europe";154;"Northern Europe";826;"uk";"United Kingdom";"Wales";"Gwynedd"
150;"Europe";154;"Northern Europe";826;"uk";"United Kingdom";"Wales";"Mid Glamorgan"
150;"Europe";154;"Northern Europe";826;"uk";"United Kingdom";"Wales";"Powys"
150;"Europe";154;"Northern Europe";826;"uk";"United Kingdom";"Wales";"South Glamorgan"
150;"Europe";154;"Northern Europe";826;"uk";"United Kingdom";"Wales";"West Glamorgan"
150;"Europe";154;"Northern Europe";826;"uk";"United Kingdom";"Yorkshire & Humberside";"Humberside"
150;"Europe";154;"Northern Europe";826;"uk";"United Kingdom";"Yorkshire & Humberside";"North Yorkshire"
150;"Europe";154;"Northern Europe";826;"uk";"United Kingdom";"Yorkshire & Humberside";"South Yorkshire"
150;"Europe";154;"Northern Europe";826;"uk";"United Kingdom";"Yorkshire & Humberside";"West Yorkshire"
19;"Americas";12;"North America";840;"us";"United States of America";"Alabama";"Black Belt"
19;"Americas";12;"North America";840;"us";"United States of America";"Alabama";"Central Alabama"
19;"Americas";12;"North America";840;"us";"United States of America";"Alabama";"Greater Birmingham"
19;"Americas";12;"North America";840;"us";"United States of America";"Alabama";"Lower Alabama"
19;"Americas";12;"North America";840;"us";"United States of America";"Alabama";"Mobile Bay"
19;"Americas";12;"North America";840;"us";"United States of America";"Alabama";"North Alabama"
19;"Americas";12;"North America";840;"us";"United States of America";"Alabama";"Northeast Alabama"
19;"Americas";12;"North America";840;"us";"United States of America";"Alabama";"South Alabama"
19;"Americas";12;"North America";840;"us";"United States of America";"Alaska";"Aleutian Islands"
19;"Americas";12;"North America";840;"us";"United States of America";"Alaska";"Arctic Alaska"
19;"Americas";12;"North America";840;"us";"United States of America";"Alaska";"Bush Alaska"
19;"Americas";12;"North America";840;"us";"United States of America";"Alaska";"Interior"
19;"Americas";12;"North America";840;"us";"United States of America";"Alaska";"Kenai Peninsula"
19;"Americas";12;"North America";840;"us";"United States of America";"Alaska";"Mat-Su Valley"
19;"Americas";12;"North America";840;"us";"United States of America";"Alaska";"North Slope"
19;"Americas";12;"North America";840;"us";"United States of America";"Alaska";"Panhandle"
19;"Americas";12;"North America";840;"us";"United States of America";"Alaska";"Seward Peninsula"
19;"Americas";12;"North America";840;"us";"United States of America";"Alaska";"Southcentral"
19;"Americas";12;"North America";840;"us";"United States of America";"Alaska";"Southwest"
19;"Americas";12;"North America";840;"us";"United States of America";"Alaska";"Tanana Valley"
19;"Americas";12;"North America";840;"us";"United States of America";"Alaska";"Yukon-Kuskokwim Delta"
19;"Americas";12;"North America";840;"us";"United States of America";"Arizona";"Arizona Strip"
19;"Americas";12;"North America";840;"us";"United States of America";"Arizona";"Coconino Plateau"
19;"Americas";12;"North America";840;"us";"United States of America";"Arizona";"Grand Canyon"
19;"Americas";12;"North America";840;"us";"United States of America";"Arizona";"Mojave Desert"
19;"Americas";12;"North America";840;"us";"United States of America";"Arizona";"North Central Arizona"
19;"Americas";12;"North America";840;"us";"United States of America";"Arizona";"Northeast Arizona"
19;"Americas";12;"North America";840;"us";"United States of America";"Arizona";"Northern Arizona"
19;"Americas";12;"North America";840;"us";"United States of America";"Arizona";"Phoenix Metropolitan Area"
19;"Americas";12;"North America";840;"us";"United States of America";"Arizona";"Southern Arizona"
19;"Americas";12;"North America";840;"us";"United States of America";"Arkansas";"Ark-La-Tex"
19;"Americas";12;"North America";840;"us";"United States of America";"Arkansas";"Arkansas River Valley"
19;"Americas";12;"North America";840;"us";"United States of America";"Arkansas";"Central Arkansas"
19;"Americas";12;"North America";840;"us";"United States of America";"Arkansas";"Crowley's Ridge"
19;"Americas";12;"North America";840;"us";"United States of America";"Arkansas";"Delta"
19;"Americas";12;"North America";840;"us";"United States of America";"Arkansas";"Ouachita Mountains"
19;"Americas";12;"North America";840;"us";"United States of America";"Arkansas";"Ozarks"
19;"Americas";12;"North America";840;"us";"United States of America";"Arkansas";"Timberlands"
19;"Americas";12;"North America";840;"us";"United States of America";"Arkansas";"Western Arkansas"
19;"Americas";12;"North America";840;"us";"United States of America";"California";"Antelope Valley"
19;"Americas";12;"North America";840;"us";"United States of America";"California";"Big Sur"
19;"Americas";12;"North America";840;"us";"United States of America";"California";"Central Coast"
19;"Americas";12;"North America";840;"us";"United States of America";"California";"Central Valley"
19;"Americas";12;"North America";840;"us";"United States of America";"California";"Channel Islands"
19;"Americas";12;"North America";840;"us";"United States of America";"California";"Coachella Valley"
19;"Americas";12;"North America";840;"us";"United States of America";"California";"Conejo Valley"
19;"Americas";12;"North America";840;"us";"United States of America";"California";"Cucamonga Valley"
19;"Americas";12;"North America";840;"us";"United States of America";"California";"Death Valley"
19;"Americas";12;"North America";840;"us";"United States of America";"California";"East Bay (SF)"
19;"Americas";12;"North America";840;"us";"United States of America";"California";"Eastern California"
19;"Americas";12;"North America";840;"us";"United States of America";"California";"Emerald Triangle"
19;"Americas";12;"North America";840;"us";"United States of America";"California";"Gold Country"
19;"Americas";12;"North America";840;"us";"United States of America";"California";"Greater Los Angeles"
19;"Americas";12;"North America";840;"us";"United States of America";"California";"Inland Empire"
19;"Americas";12;"North America";840;"us";"United States of America";"California";"Los Angeles Basin"
19;"Americas";12;"North America";840;"us";"United States of America";"California";"Mojave"
19;"Americas";12;"North America";840;"us";"United States of America";"California";"North Bay (SF)"
19;"Americas";12;"North America";840;"us";"United States of America";"California";"North Coast"
19;"Americas";12;"North America";840;"us";"United States of America";"California";"Northern California"
19;"Americas";12;"North America";840;"us";"United States of America";"California";"Owens Valley"
19;"Americas";12;"North America";840;"us";"United States of America";"California";"Pomona Valley"
19;"Americas";12;"North America";840;"us";"United States of America";"California";"Redwood Empire"
19;"Americas";12;"North America";840;"us";"United States of America";"California";"Russian River"
19;"Americas";12;"North America";840;"us";"United States of America";"California";"Sacramento Valley"
19;"Americas";12;"North America";840;"us";"United States of America";"California";"San Francisco Bay Area"
19;"Americas";12;"North America";840;"us";"United States of America";"California";"San Joaquin Valley"
19;"Americas";12;"North America";840;"us";"United States of America";"California";"SanSan"
19;"Americas";12;"North America";840;"us";"United States of America";"California";"Santa Clarita Valley"
19;"Americas";12;"North America";840;"us";"United States of America";"California";"Shasta Cascade"
19;"Americas";12;"North America";840;"us";"United States of America";"California";"Sierra Nevada"
19;"Americas";12;"North America";840;"us";"United States of America";"California";"Silicon Valley"
19;"Americas";12;"North America";840;"us";"United States of America";"California";"Southern California"
19;"Americas";12;"North America";840;"us";"United States of America";"California";"Tech Coast"
19;"Americas";12;"North America";840;"us";"United States of America";"California";"The Peninsula"
19;"Americas";12;"North America";840;"us";"United States of America";"California";"Tri-Valley"
19;"Americas";12;"North America";840;"us";"United States of America";"California";"Wine Country"
19;"Americas";12;"North America";840;"us";"United States of America";"California";"Yosemite"
19;"Americas";12;"North America";840;"us";"United States of America";"Colorado";"Central Colorado"
19;"Americas";12;"North America";840;"us";"United States of America";"Colorado";"Colorado Piedmont"
19;"Americas";12;"North America";840;"us";"United States of America";"Colorado";"Denver-Aurora Metropolitan Area"
19;"Americas";12;"North America";840;"us";"United States of America";"Colorado";"Eastern Plains"
19;"Americas";12;"North America";840;"us";"United States of America";"Colorado";"Front Range"
19;"Americas";12;"North America";840;"us";"United States of America";"Colorado";"Grand Valley"
19;"Americas";12;"North America";840;"us";"United States of America";"Colorado";"High Rockies"
19;"Americas";12;"North America";840;"us";"United States of America";"Colorado";"Mineral Belt"
19;"Americas";12;"North America";840;"us";"United States of America";"Colorado";"Roaring Fork Valley"
19;"Americas";12;"North America";840;"us";"United States of America";"Colorado";"San Luis Valley"
19;"Americas";12;"North America";840;"us";"United States of America";"Colorado";"South-Central Colorado"
19;"Americas";12;"North America";840;"us";"United States of America";"Colorado";"Southwestern Colorado"
19;"Americas";12;"North America";840;"us";"United States of America";"Colorado";"Western Slope"
19;"Americas";12;"North America";840;"us";"United States of America";"Connecticut";"Gold Coast"
19;"Americas";12;"North America";840;"us";"United States of America";"Connecticut";"Greater Bridgeport"
19;"Americas";12;"North America";840;"us";"United States of America";"Connecticut";"Greater Danbury"
19;"Americas";12;"North America";840;"us";"United States of America";"Connecticut";"Greater Hartford"
19;"Americas";12;"North America";840;"us";"United States of America";"Connecticut";"Greater New Haven"
19;"Americas";12;"North America";840;"us";"United States of America";"Connecticut";"Litchfield Hills"
19;"Americas";12;"North America";840;"us";"United States of America";"Connecticut";"Lower Connecticut River Valley"
19;"Americas";12;"North America";840;"us";"United States of America";"Connecticut";"Naugatuck River Valley"
19;"Americas";12;"North America";840;"us";"United States of America";"Connecticut";"Quiet Corner"
19;"Americas";12;"North America";840;"us";"United States of America";"Connecticut";"Southeastern Connecticut"
19;"Americas";12;"North America";840;"us";"United States of America";"Connecticut";"Southwestern Connecticut"
19;"Americas";12;"North America";840;"us";"United States of America";"Delaware";"Kent County"
19;"Americas";12;"North America";840;"us";"United States of America";"Delaware";"New Castle County"
19;"Americas";12;"North America";840;"us";"United States of America";"Delaware";"Sussex County"
19;"Americas";12;"North America";840;"us";"United States of America";"Florida";"Big Bend"
19;"Americas";12;"North America";840;"us";"United States of America";"Florida";"Central Florida"
19;"Americas";12;"North America";840;"us";"United States of America";"Florida";"Emerald Coast"
19;"Americas";12;"North America";840;"us";"United States of America";"Florida";"First Coast"
19;"Americas";12;"North America";840;"us";"United States of America";"Florida";"Florida Keys"
19;"Americas";12;"North America";840;"us";"United States of America";"Florida";"Florida Panhandle"
19;"Americas";12;"North America";840;"us";"United States of America";"Florida";"Gold Coast"
19;"Americas";12;"North America";840;"us";"United States of America";"Florida";"Nature Coast"
19;"Americas";12;"North America";840;"us";"United States of America";"Florida";"North Central Florida"
19;"Americas";12;"North America";840;"us";"United States of America";"Florida";"South Florida"
19;"Americas";12;"North America";840;"us";"United States of America";"Florida";"Southwest Florida"
19;"Americas";12;"North America";840;"us";"United States of America";"Florida";"Space Coast"
19;"Americas";12;"North America";840;"us";"United States of America";"Florida";"Sun Coast"
19;"Americas";12;"North America";840;"us";"United States of America";"Florida";"Tampa Bay Area"
19;"Americas";12;"North America";840;"us";"United States of America";"Florida";"Treasure Coast"
19;"Americas";12;"North America";840;"us";"United States of America";"Georgia";"Colonial Coast"
19;"Americas";12;"North America";840;"us";"United States of America";"Georgia";"Historic South"
19;"Americas";12;"North America";840;"us";"United States of America";"Georgia";"Inland Empire"
19;"Americas";12;"North America";840;"us";"United States of America";"Georgia";"Metro Atlanta"
19;"Americas";12;"North America";840;"us";"United States of America";"Georgia";"North Georgia Mountains"
19;"Americas";12;"North America";840;"us";"United States of America";"Georgia";"Southern Rivers"
19;"Americas";12;"North America";840;"us";"United States of America";"Georgia";"The Golden Isles"
19;"Americas";12;"North America";840;"us";"United States of America";"Hawaii";"Hawaiʻi"
19;"Americas";12;"North America";840;"us";"United States of America";"Hawaii";"Kahoʻolawe"
19;"Americas";12;"North America";840;"us";"United States of America";"Hawaii";"Kauaʻi"
19;"Americas";12;"North America";840;"us";"United States of America";"Hawaii";"Lānaʻi"
19;"Americas";12;"North America";840;"us";"United States of America";"Hawaii";"Maui"
19;"Americas";12;"North America";840;"us";"United States of America";"Hawaii";"Molokaʻi"
19;"Americas";12;"North America";840;"us";"United States of America";"Hawaii";"Niʻihau"
19;"Americas";12;"North America";840;"us";"United States of America";"Hawaii";"Northwestern Hawaiʻian Islands"
19;"Americas";12;"North America";840;"us";"United States of America";"Hawaii";"Oʻahu"
19;"Americas";12;"North America";840;"us";"United States of America";"Idaho";"Boise metropolitan area"
19;"Americas";12;"North America";840;"us";"United States of America";"Idaho";"Central Idaho"
19;"Americas";12;"North America";840;"us";"United States of America";"Idaho";"Eastern Idaho"
19;"Americas";12;"North America";840;"us";"United States of America";"Idaho";"Idaho Panhandle"
19;"Americas";12;"North America";840;"us";"United States of America";"Idaho";"Magic Valley"
19;"Americas";12;"North America";840;"us";"United States of America";"Idaho";"North Central Idaho"
19;"Americas";12;"North America";840;"us";"United States of America";"Idaho";"Northern Idaho"
19;"Americas";12;"North America";840;"us";"United States of America";"Idaho";"Southern Idaho"
19;"Americas";12;"North America";840;"us";"United States of America";"Idaho";"Treasure Valley"
19;"Americas";12;"North America";840;"us";"United States of America";"Idaho";"Wood River Valley"
19;"Americas";12;"North America";840;"us";"United States of America";"Illinois";"American Bottom"
19;"Americas";12;"North America";840;"us";"United States of America";"Illinois";"Central Illinois"
19;"Americas";12;"North America";840;"us";"United States of America";"Illinois";"Champaign-Urbana"
19;"Americas";12;"North America";840;"us";"United States of America";"Illinois";"Chicagoland"
19;"Americas";12;"North America";840;"us";"United States of America";"Illinois";"Coulee Region"
19;"Americas";12;"North America";840;"us";"United States of America";"Illinois";"Forgottonia"
19;"Americas";12;"North America";840;"us";"United States of America";"Illinois";"Fox Valley"
19;"Americas";12;"North America";840;"us";"United States of America";"Illinois";"Little Egypt"
19;"Americas";12;"North America";840;"us";"United States of America";"Illinois";"Northern Illinois"
19;"Americas";12;"North America";840;"us";"United States of America";"Illinois";"Northwestern Illinois"
19;"Americas";12;"North America";840;"us";"United States of America";"Illinois";"Quad Cities"
19;"Americas";12;"North America";840;"us";"United States of America";"Illinois";"River Bend"
19;"Americas";12;"North America";840;"us";"United States of America";"Illinois";"St. Louis Metro-East"
19;"Americas";12;"North America";840;"us";"United States of America";"Illinois";"Wabash Valley"
19;"Americas";12;"North America";840;"us";"United States of America";"Indiana";"East Central Indiana"
19;"Americas";12;"North America";840;"us";"United States of America";"Indiana";"Michiana"
19;"Americas";12;"North America";840;"us";"United States of America";"Indiana";"Nine-County Region"
19;"Americas";12;"North America";840;"us";"United States of America";"Indiana";"Northern Indiana"
19;"Americas";12;"North America";840;"us";"United States of America";"Indiana";"Northwest Indiana"
19;"Americas";12;"North America";840;"us";"United States of America";"Indiana";"Southern Indiana"
19;"Americas";12;"North America";840;"us";"United States of America";"Indiana";"Wabash Valley"
19;"Americas";12;"North America";840;"us";"United States of America";"Iowa";"Coulee Region"
19;"Americas";12;"North America";840;"us";"United States of America";"Iowa";"Des Moines metropolitan area"
19;"Americas";12;"North America";840;"us";"United States of America";"Iowa";"Great River Road"
19;"Americas";12;"North America";840;"us";"United States of America";"Iowa";"Iowa Great Lakes"
19;"Americas";12;"North America";840;"us";"United States of America";"Iowa";"Loess Hills"
19;"Americas";12;"North America";840;"us";"United States of America";"Iowa";"Omaha-Council Bluffs metropolitan area"
19;"Americas";12;"North America";840;"us";"United States of America";"Iowa";"Quad Cities"
19;"Americas";12;"North America";840;"us";"United States of America";"Iowa";"Siouxland"
19;"Americas";12;"North America";840;"us";"United States of America";"Kansas";"Cherokee Strip"
19;"Americas";12;"North America";840;"us";"United States of America";"Kansas";"East Central"
19;"Americas";12;"North America";840;"us";"United States of America";"Kansas";"Flint Hills"
19;"Americas";12;"North America";840;"us";"United States of America";"Kansas";"High Plains"
19;"Americas";12;"North America";840;"us";"United States of America";"Kansas";"Kansas City Metropolitan Area"
19;"Americas";12;"North America";840;"us";"United States of America";"Kansas";"Red Hills"
19;"Americas";12;"North America";840;"us";"United States of America";"Kansas";"Santa Fe Trail Region"
19;"Americas";12;"North America";840;"us";"United States of America";"Kansas";"Smoky Hills"
19;"Americas";12;"North America";840;"us";"United States of America";"Kansas";"Southeast"
19;"Americas";12;"North America";840;"us";"United States of America";"Kansas";"The Ozarks"
19;"Americas";12;"North America";840;"us";"United States of America";"Kentucky";"Central Kentucky"
19;"Americas";12;"North America";840;"us";"United States of America";"Kentucky";"Cincinnati metropolitan area"
19;"Americas";12;"North America";840;"us";"United States of America";"Kentucky";"Cumberland Plateau"
19;"Americas";12;"North America";840;"us";"United States of America";"Kentucky";"Eastern Mountain Coal Fields"
19;"Americas";12;"North America";840;"us";"United States of America";"Kentucky";"Louisville metropolitan area"
19;"Americas";12;"North America";840;"us";"United States of America";"Kentucky";"Northern Kentucky"
19;"Americas";12;"North America";840;"us";"United States of America";"Kentucky";"Pennyroyal Plateau"
19;"Americas";12;"North America";840;"us";"United States of America";"Kentucky";"The Bluegrass"
19;"Americas";12;"North America";840;"us";"United States of America";"Kentucky";"The Knobs"
19;"Americas";12;"North America";840;"us";"United States of America";"Kentucky";"The Purchase"
19;"Americas";12;"North America";840;"us";"United States of America";"Kentucky";"Western Coal Fields"
19;"Americas";12;"North America";840;"us";"United States of America";"Louisiana";"Acadiana"
19;"Americas";12;"North America";840;"us";"United States of America";"Louisiana";"Central Louisiana"
19;"Americas";12;"North America";840;"us";"United States of America";"Louisiana";"Florida Parishes"
19;"Americas";12;"North America";840;"us";"United States of America";"Louisiana";"Greater New Orleans"
19;"Americas";12;"North America";840;"us";"United States of America";"Louisiana";"North Louisiana"
19;"Americas";12;"North America";840;"us";"United States of America";"Maine";"Acadia"
19;"Americas";12;"North America";840;"us";"United States of America";"Maine";"Down East"
19;"Americas";12;"North America";840;"us";"United States of America";"Maine";"Maine Atlantic Coast"
19;"Americas";12;"North America";840;"us";"United States of America";"Maine";"Maine Highlands"
19;"Americas";12;"North America";840;"us";"United States of America";"Maine";"Maine Lake Country"
19;"Americas";12;"North America";840;"us";"United States of America";"Maine";"North Woods"
19;"Americas";12;"North America";840;"us";"United States of America";"Maine";"Penobscot Bay"
19;"Americas";12;"North America";840;"us";"United States of America";"Maine";"Southern Coast"
19;"Americas";12;"North America";840;"us";"United States of America";"Maine";"Western Maine Mountains"
19;"Americas";12;"North America";840;"us";"United States of America";"Maryland";"Baltimore-Washington Metro Area"
19;"Americas";12;"North America";840;"us";"United States of America";"Maryland";"Chesapeake"
19;"Americas";12;"North America";840;"us";"United States of America";"Maryland";"Delaware Valley"
19;"Americas";12;"North America";840;"us";"United States of America";"Maryland";"Eastern Shore"
19;"Americas";12;"North America";840;"us";"United States of America";"Maryland";"Southern"
19;"Americas";12;"North America";840;"us";"United States of America";"Maryland";"Western"
19;"Americas";12;"North America";840;"us";"United States of America";"Massachusetts";"Blackstone Valley"
19;"Americas";12;"North America";840;"us";"United States of America";"Massachusetts";"Cape Ann"
19;"Americas";12;"North America";840;"us";"United States of America";"Massachusetts";"Cape Cod and the Islands"
19;"Americas";12;"North America";840;"us";"United States of America";"Massachusetts";"Greater Boston"
19;"Americas";12;"North America";840;"us";"United States of America";"Massachusetts";"Merrimack Valley"
19;"Americas";12;"North America";840;"us";"United States of America";"Massachusetts";"MetroWest"
19;"Americas";12;"North America";840;"us";"United States of America";"Massachusetts";"North Shore"
19;"Americas";12;"North America";840;"us";"United States of America";"Massachusetts";"Pioneer Valley"
19;"Americas";12;"North America";840;"us";"United States of America";"Massachusetts";"Quabbin Valley"
19;"Americas";12;"North America";840;"us";"United States of America";"Massachusetts";"South Coast"
19;"Americas";12;"North America";840;"us";"United States of America";"Massachusetts";"South Shore"
19;"Americas";12;"North America";840;"us";"United States of America";"Massachusetts";"The Berkshires"
19;"Americas";12;"North America";840;"us";"United States of America";"Massachusetts";"Western Massachusetts"
19;"Americas";12;"North America";840;"us";"United States of America";"Michigan";"Central Michigan"
19;"Americas";12;"North America";840;"us";"United States of America";"Michigan";"Copper Country"
19;"Americas";12;"North America";840;"us";"United States of America";"Michigan";"Keweenaw Peninsula"
19;"Americas";12;"North America";840;"us";"United States of America";"Michigan";"Michiana"
19;"Americas";12;"North America";840;"us";"United States of America";"Michigan";"Northern Michigan"
19;"Americas";12;"North America";840;"us";"United States of America";"Michigan";"Southeast Michigan (including Metro Detroit)"
19;"Americas";12;"North America";840;"us";"United States of America";"Michigan";"Southern Michigan"
19;"Americas";12;"North America";840;"us";"United States of America";"Michigan";"The Thumb"
19;"Americas";12;"North America";840;"us";"United States of America";"Michigan";"Western Michigan"
19;"Americas";12;"North America";840;"us";"United States of America";"Minnesota";"Arrowhead"
19;"Americas";12;"North America";840;"us";"United States of America";"Minnesota";"Boundary Waters"
19;"Americas";12;"North America";840;"us";"United States of America";"Minnesota";"Buffalo Ridge"
19;"Americas";12;"North America";840;"us";"United States of America";"Minnesota";"Central"
19;"Americas";12;"North America";840;"us";"United States of America";"Minnesota";"Coulee Region"
19;"Americas";12;"North America";840;"us";"United States of America";"Minnesota";"Greater Minnesota"
19;"Americas";12;"North America";840;"us";"United States of America";"Minnesota";"Iron Range"
19;"Americas";12;"North America";840;"us";"United States of America";"Minnesota";"Minnesota River Valley"
19;"Americas";12;"North America";840;"us";"United States of America";"Minnesota";"North Shore"
19;"Americas";12;"North America";840;"us";"United States of America";"Minnesota";"Northwest Angle"
19;"Americas";12;"North America";840;"us";"United States of America";"Minnesota";"Pipestone"
19;"Americas";12;"North America";840;"us";"United States of America";"Minnesota";"Red River Valley"
19;"Americas";12;"North America";840;"us";"United States of America";"Minnesota";"Southeast"
19;"Americas";12;"North America";840;"us";"United States of America";"Minnesota";"Twin Cities metropolitan area"
19;"Americas";12;"North America";840;"us";"United States of America";"Mississippi";"Golden Triangle"
19;"Americas";12;"North America";840;"us";"United States of America";"Mississippi";"Gulf Coast"
19;"Americas";12;"North America";840;"us";"United States of America";"Mississippi";"Jackson Metro"
19;"Americas";12;"North America";840;"us";"United States of America";"Mississippi";"Memphis Metro"
19;"Americas";12;"North America";840;"us";"United States of America";"Mississippi";"Natchez District"
19;"Americas";12;"North America";840;"us";"United States of America";"Mississippi";"Pine Belt"
19;"Americas";12;"North America";840;"us";"United States of America";"Mississippi";"The Delta"
19;"Americas";12;"North America";840;"us";"United States of America";"Missouri";"Bootheel"
19;"Americas";12;"North America";840;"us";"United States of America";"Missouri";"Dissected Till Plains"
19;"Americas";12;"North America";840;"us";"United States of America";"Missouri";"Greater Kansas City"
19;"Americas";12;"North America";840;"us";"United States of America";"Missouri";"Greater St. Louis"
19;"Americas";12;"North America";840;"us";"United States of America";"Missouri";"Lead Belt"
19;"Americas";12;"North America";840;"us";"United States of America";"Missouri";"Lincoln Hills"
19;"Americas";12;"North America";840;"us";"United States of America";"Missouri";"Little Dixie"
19;"Americas";12;"North America";840;"us";"United States of America";"Missouri";"Loess Hills"
19;"Americas";12;"North America";840;"us";"United States of America";"Missouri";"Mississippi Alluvial Plain"
19;"Americas";12;"North America";840;"us";"United States of America";"Missouri";"Missouri Rhineland"
19;"Americas";12;"North America";840;"us";"United States of America";"Missouri";"Northern Plains"
19;"Americas";12;"North America";840;"us";"United States of America";"Missouri";"Osage Plains"
19;"Americas";12;"North America";840;"us";"United States of America";"Missouri";"Ozark Plateau"
19;"Americas";12;"North America";840;"us";"United States of America";"Missouri";"Platte Purchase"
19;"Americas";12;"North America";840;"us";"United States of America";"Missouri";"St. Francois Mountains"
19;"Americas";12;"North America";840;"us";"United States of America";"Montana";"Bighorn Country"
19;"Americas";12;"North America";840;"us";"United States of America";"Montana";"Eastern Montana"
19;"Americas";12;"North America";840;"us";"United States of America";"Montana";"Glacier National Park"
19;"Americas";12;"North America";840;"us";"United States of America";"Montana";"Inland Empire"
19;"Americas";12;"North America";840;"us";"United States of America";"Montana";"Southwestern Montana"
19;"Americas";12;"North America";840;"us";"United States of America";"Montana";"Western Montana"
19;"Americas";12;"North America";840;"us";"United States of America";"Nebraska";"Omaha metropolitian area"
19;"Americas";12;"North America";840;"us";"United States of America";"Nebraska";"Panhandle"
19;"Americas";12;"North America";840;"us";"United States of America";"Nebraska";"Pine Ridge"
19;"Americas";12;"North America";840;"us";"United States of America";"Nebraska";"Rainwater Basin"
19;"Americas";12;"North America";840;"us";"United States of America";"Nebraska";"Sand Hills"
19;"Americas";12;"North America";840;"us";"United States of America";"Nebraska";"Wildcat Hills"
19;"Americas";12;"North America";840;"us";"United States of America";"Nevada";"Great Basin"
19;"Americas";12;"North America";840;"us";"United States of America";"Nevada";"Lake Tahoe"
19;"Americas";12;"North America";840;"us";"United States of America";"Nevada";"Las Vegas Valley"
19;"Americas";12;"North America";840;"us";"United States of America";"Nevada";"Mojave Desert"
19;"Americas";12;"North America";840;"us";"United States of America";"New Hampshire";"Dartmouth-Lake Sunapee"
19;"Americas";12;"North America";840;"us";"United States of America";"New Hampshire";"Great North Woods"
19;"Americas";12;"North America";840;"us";"United States of America";"New Hampshire";"Lakes Region"
19;"Americas";12;"North America";840;"us";"United States of America";"New Hampshire";"Merrimack Valley"
19;"Americas";12;"North America";840;"us";"United States of America";"New Hampshire";"Monadnock"
19;"Americas";12;"North America";840;"us";"United States of America";"New Hampshire";"Seacoast"
19;"Americas";12;"North America";840;"us";"United States of America";"New Hampshire";"White Mountains"
19;"Americas";12;"North America";840;"us";"United States of America";"New Jersey";"Central Jersey"
19;"Americas";12;"North America";840;"us";"United States of America";"New Jersey";"Delaware Valley"
19;"Americas";12;"North America";840;"us";"United States of America";"New Jersey";"Jersey Shore"
19;"Americas";12;"North America";840;"us";"United States of America";"New Jersey";"Meadowlands"
19;"Americas";12;"North America";840;"us";"United States of America";"New Jersey";"New York metro area"
19;"Americas";12;"North America";840;"us";"United States of America";"New Jersey";"North Jersey"
19;"Americas";12;"North America";840;"us";"United States of America";"New Jersey";"Pine Barrens"
19;"Americas";12;"North America";840;"us";"United States of America";"New Jersey";"Shore Region"
19;"Americas";12;"North America";840;"us";"United States of America";"New Jersey";"Skylands Region"
19;"Americas";12;"North America";840;"us";"United States of America";"New Jersey";"South Jersey"
19;"Americas";12;"North America";840;"us";"United States of America";"New Jersey";"Tri-State Region"
19;"Americas";12;"North America";840;"us";"United States of America";"New Mexico";"Central New Mexico"
19;"Americas";12;"North America";840;"us";"United States of America";"New Mexico";"Eastern New Mexico"
19;"Americas";12;"North America";840;"us";"United States of America";"New Mexico";"Llano Estacado"
19;"Americas";12;"North America";840;"us";"United States of America";"New Mexico";"Northern New Mexico"
19;"Americas";12;"North America";840;"us";"United States of America";"New Mexico";"Sangre de Cristo Mountains"
19;"Americas";12;"North America";840;"us";"United States of America";"New Mexico";"Southwestern New Mexico"
19;"Americas";12;"North America";840;"us";"United States of America";"New York";"Adirondack Mountains"
19;"Americas";12;"North America";840;"us";"United States of America";"New York";"Capital District"
19;"Americas";12;"North America";840;"us";"United States of America";"New York";"Catskill Mountains"
19;"Americas";12;"North America";840;"us";"United States of America";"New York";"Central"
19;"Americas";12;"North America";840;"us";"United States of America";"New York";"City of New York"
19;"Americas";12;"North America";840;"us";"United States of America";"New York";"Finger Lakes"
19;"Americas";12;"North America";840;"us";"United States of America";"New York";"Hudson Valley"
19;"Americas";12;"North America";840;"us";"United States of America";"New York";"Long Island"
19;"Americas";12;"North America";840;"us";"United States of America";"New York";"Mohawk Valley"
19;"Americas";12;"North America";840;"us";"United States of America";"New York";"North Country"
19;"Americas";12;"North America";840;"us";"United States of America";"New York";"Saint Lawrence Seaway"
19;"Americas";12;"North America";840;"us";"United States of America";"New York";"Shawangunks"
19;"Americas";12;"North America";840;"us";"United States of America";"New York";"Southern Tier"
19;"Americas";12;"North America";840;"us";"United States of America";"New York";"The Holland Purchase"
19;"Americas";12;"North America";840;"us";"United States of America";"New York";"Thousand Islands"
19;"Americas";12;"North America";840;"us";"United States of America";"New York";"Upstate"
19;"Americas";12;"North America";840;"us";"United States of America";"New York";"Western"
19;"Americas";12;"North America";840;"us";"United States of America";"North Carolina";"Coastal Plain"
19;"Americas";12;"North America";840;"us";"United States of America";"North Carolina";"Foothills"
19;"Americas";12;"North America";840;"us";"United States of America";"North Carolina";"Inner Banks"
19;"Americas";12;"North America";840;"us";"United States of America";"North Carolina";"Metro Charlotte"
19;"Americas";12;"North America";840;"us";"United States of America";"North Carolina";"Mountain"
19;"Americas";12;"North America";840;"us";"United States of America";"North Carolina";"Outer Banks"
19;"Americas";12;"North America";840;"us";"United States of America";"North Carolina";"Piedmont"
19;"Americas";12;"North America";840;"us";"United States of America";"North Carolina";"Piedmont Triad"
19;"Americas";12;"North America";840;"us";"United States of America";"North Carolina";"Sandhills"
19;"Americas";12;"North America";840;"us";"United States of America";"North Carolina";"Triangle"
19;"Americas";12;"North America";840;"us";"United States of America";"North Dakota";"Badlands"
19;"Americas";12;"North America";840;"us";"United States of America";"North Dakota";"Drift Prairie"
19;"Americas";12;"North America";840;"us";"United States of America";"North Dakota";"Missouri Plateau"
19;"Americas";12;"North America";840;"us";"United States of America";"North Dakota";"Red River Valley"
19;"Americas";12;"North America";840;"us";"United States of America";"North Dakota";"Turtle Mountains"
19;"Americas";12;"North America";840;"us";"United States of America";"Ohio";"Black Swamp"
19;"Americas";12;"North America";840;"us";"United States of America";"Ohio";"Glacial till plains"
19;"Americas";12;"North America";840;"us";"United States of America";"Ohio";"Glaciated Allegheny Plateau"
19;"Americas";12;"North America";840;"us";"United States of America";"Ohio";"Lake Erie"
19;"Americas";12;"North America";840;"us";"United States of America";"Ohio";"Lake Erie Islands"
19;"Americas";12;"North America";840;"us";"United States of America";"Ohio";"Miami Valley"
19;"Americas";12;"North America";840;"us";"United States of America";"Ohio";"Northwest Ohio"
19;"Americas";12;"North America";840;"us";"United States of America";"Ohio";"Unglaciated Allegheny Plateau"
19;"Americas";12;"North America";840;"us";"United States of America";"Ohio";"Western Reserve"
19;"Americas";12;"North America";840;"us";"United States of America";"Oklahoma";"Arklatex"
19;"Americas";12;"North America";840;"us";"United States of America";"Oklahoma";"Central"
19;"Americas";12;"North America";840;"us";"United States of America";"Oklahoma";"Cherokee Outlet"
19;"Americas";12;"North America";840;"us";"United States of America";"Oklahoma";"Flint Hills"
19;"Americas";12;"North America";840;"us";"United States of America";"Oklahoma";"Green Country"
19;"Americas";12;"North America";840;"us";"United States of America";"Oklahoma";"Little Dixie"
19;"Americas";12;"North America";840;"us";"United States of America";"Oklahoma";"Northeastern"
19;"Americas";12;"North America";840;"us";"United States of America";"Oklahoma";"Ouachita Mountains"
19;"Americas";12;"North America";840;"us";"United States of America";"Oklahoma";"Panhandle"
19;"Americas";12;"North America";840;"us";"United States of America";"Oklahoma";"Southeastern"
19;"Americas";12;"North America";840;"us";"United States of America";"Oklahoma";"Southwestern"
19;"Americas";12;"North America";840;"us";"United States of America";"Oklahoma";"The Ozarks"
19;"Americas";12;"North America";840;"us";"United States of America";"Oregon";"Central Oregon"
19;"Americas";12;"North America";840;"us";"United States of America";"Oregon";"Columbia River Gorge"
19;"Americas";12;"North America";840;"us";"United States of America";"Oregon";"Columbia River Plateau"
19;"Americas";12;"North America";840;"us";"United States of America";"Oregon";"Eastern Oregon"
19;"Americas";12;"North America";840;"us";"United States of America";"Oregon";"Harney Basin"
19;"Americas";12;"North America";840;"us";"United States of America";"Oregon";"Mount Hood Corridor"
19;"Americas";12;"North America";840;"us";"United States of America";"Oregon";"Oregon Coast"
19;"Americas";12;"North America";840;"us";"United States of America";"Oregon";"Portland Metro"
19;"Americas";12;"North America";840;"us";"United States of America";"Oregon";"Rogue Valley"
19;"Americas";12;"North America";840;"us";"United States of America";"Oregon";"Southern Oregon"
19;"Americas";12;"North America";840;"us";"United States of America";"Oregon";"The Cascades"
19;"Americas";12;"North America";840;"us";"United States of America";"Oregon";"Tualatin Valley"
19;"Americas";12;"North America";840;"us";"United States of America";"Oregon";"Western Oregon"
19;"Americas";12;"North America";840;"us";"United States of America";"Oregon";"Willamette Valley"
19;"Americas";12;"North America";840;"us";"United States of America";"Pennsylvania";"Allegheny National Forest"
19;"Americas";12;"North America";840;"us";"United States of America";"Pennsylvania";"Coal Region"
19;"Americas";12;"North America";840;"us";"United States of America";"Pennsylvania";"Cumberland Valley"
19;"Americas";12;"North America";840;"us";"United States of America";"Pennsylvania";"Delaware Valley"
19;"Americas";12;"North America";840;"us";"United States of America";"Pennsylvania";"Dutch Country"
19;"Americas";12;"North America";840;"us";"United States of America";"Pennsylvania";"Endless Mountains"
19;"Americas";12;"North America";840;"us";"United States of America";"Pennsylvania";"Happy Valley"
19;"Americas";12;"North America";840;"us";"United States of America";"Pennsylvania";"Laurel Highlands"
19;"Americas";12;"North America";840;"us";"United States of America";"Pennsylvania";"Lehigh Valley"
19;"Americas";12;"North America";840;"us";"United States of America";"Pennsylvania";"Northeast"
19;"Americas";12;"North America";840;"us";"United States of America";"Pennsylvania";"Northern Tier"
19;"Americas";12;"North America";840;"us";"United States of America";"Pennsylvania";"Northwest Region"
19;"Americas";12;"North America";840;"us";"United States of America";"Pennsylvania";"Pennsylvania Highlands"
19;"Americas";12;"North America";840;"us";"United States of America";"Pennsylvania";"Susquehanna Valley"
19;"Americas";12;"North America";840;"us";"United States of America";"Pennsylvania";"The Poconos"
19;"Americas";12;"North America";840;"us";"United States of America";"Pennsylvania";"Western Pennsylvania"
19;"Americas";12;"North America";840;"us";"United States of America";"Pennsylvania";"Wyoming Valley"
19;"Americas";12;"North America";840;"us";"United States of America";"Rhode Island";"Blackstone Valley"
19;"Americas";12;"North America";840;"us";"United States of America";"Rhode Island";"Block Island"
19;"Americas";12;"North America";840;"us";"United States of America";"Rhode Island";"East Bay"
19;"Americas";12;"North America";840;"us";"United States of America";"Rhode Island";"Newport County"
19;"Americas";12;"North America";840;"us";"United States of America";"Rhode Island";"Providence"
19;"Americas";12;"North America";840;"us";"United States of America";"Rhode Island";"South County"
19;"Americas";12;"North America";840;"us";"United States of America";"Rhode Island";"Warwick/West Bay"
19;"Americas";12;"North America";840;"us";"United States of America";"South Carolina";"Capital City/Lake Murray Country"
19;"Americas";12;"North America";840;"us";"United States of America";"South Carolina";"Grand Strand"
19;"Americas";12;"North America";840;"us";"United States of America";"South Carolina";"Historic Charleston"
19;"Americas";12;"North America";840;"us";"United States of America";"South Carolina";"Metrolina"
19;"Americas";12;"North America";840;"us";"United States of America";"South Carolina";"Midlands"
19;"Americas";12;"North America";840;"us";"United States of America";"South Carolina";"Old 96 District"
19;"Americas";12;"North America";840;"us";"United States of America";"South Carolina";"Olde English District"
19;"Americas";12;"North America";840;"us";"United States of America";"South Carolina";"Pee Dee"
19;"Americas";12;"North America";840;"us";"United States of America";"South Carolina";"Piedmont"
19;"Americas";12;"North America";840;"us";"United States of America";"South Carolina";"Sandhills"
19;"Americas";12;"North America";840;"us";"United States of America";"South Carolina";"Santee Cooper Country"
19;"Americas";12;"North America";840;"us";"United States of America";"South Carolina";"South Carolina Low Country"
19;"Americas";12;"North America";840;"us";"United States of America";"South Carolina";"The Upstate"
19;"Americas";12;"North America";840;"us";"United States of America";"South Dakota";"Badlands"
19;"Americas";12;"North America";840;"us";"United States of America";"South Dakota";"Black Hills"
19;"Americas";12;"North America";840;"us";"United States of America";"South Dakota";"Coteau des Prairies"
19;"Americas";12;"North America";840;"us";"United States of America";"Tennessee";"Blue Ridge Mountains"
19;"Americas";12;"North America";840;"us";"United States of America";"Tennessee";"Cumberland Plateau"
19;"Americas";12;"North America";840;"us";"United States of America";"Tennessee";"Highland Rim"
19;"Americas";12;"North America";840;"us";"United States of America";"Tennessee";"Mississippi Delta"
19;"Americas";12;"North America";840;"us";"United States of America";"Tennessee";"Nashville Basin"
19;"Americas";12;"North America";840;"us";"United States of America";"Tennessee";"Ridge-and-valley Appalachians"
19;"Americas";12;"North America";840;"us";"United States of America";"Texas";"Ark-La-Tex"
19;"Americas";12;"North America";840;"us";"United States of America";"Texas";"Big Bend"
19;"Americas";12;"North America";840;"us";"United States of America";"Texas";"Brazos Valley"
19;"Americas";12;"North America";840;"us";"United States of America";"Texas";"Central Texas"
19;"Americas";12;"North America";840;"us";"United States of America";"Texas";"Dallas/Fort Worth Metroplex"
19;"Americas";12;"North America";840;"us";"United States of America";"Texas";"Deep East Texas"
19;"Americas";12;"North America";840;"us";"United States of America";"Texas";"East Texas"
19;"Americas";12;"North America";840;"us";"United States of America";"Texas";"Edwards Plateau"
19;"Americas";12;"North America";840;"us";"United States of America";"Texas";"Galveston Bay"
19;"Americas";12;"North America";840;"us";"United States of America";"Texas";"Golden Triangle"
19;"Americas";12;"North America";840;"us";"United States of America";"Texas";"Greater Houston"
19;"Americas";12;"North America";840;"us";"United States of America";"Texas";"Llano Estacado"
19;"Americas";12;"North America";840;"us";"United States of America";"Texas";"North Texas"
19;"Americas";12;"North America";840;"us";"United States of America";"Texas";"Northeast Texas"
19;"Americas";12;"North America";840;"us";"United States of America";"Texas";"Permian Basin"
19;"Americas";12;"North America";840;"us";"United States of America";"Texas";"Piney Woods"
19;"Americas";12;"North America";840;"us";"United States of America";"Texas";"Rio Grande Valley"
19;"Americas";12;"North America";840;"us";"United States of America";"Texas";"South Plains"
19;"Americas";12;"North America";840;"us";"United States of America";"Texas";"South Texas"
19;"Americas";12;"North America";840;"us";"United States of America";"Texas";"Southeast Texas"
19;"Americas";12;"North America";840;"us";"United States of America";"Texas";"Texas Hill Country"
19;"Americas";12;"North America";840;"us";"United States of America";"Texas";"Texas Panhandle"
19;"Americas";12;"North America";840;"us";"United States of America";"Texas";"West Texas"
19;"Americas";12;"North America";840;"us";"United States of America";"Utah";"Cache Valley"
19;"Americas";12;"North America";840;"us";"United States of America";"Utah";"Colorado Plateau"
19;"Americas";12;"North America";840;"us";"United States of America";"Utah";"Dixie"
19;"Americas";12;"North America";840;"us";"United States of America";"Utah";"Great Salt Lake"
19;"Americas";12;"North America";840;"us";"United States of America";"Utah";"Great Salt Lake Desert"
19;"Americas";12;"North America";840;"us";"United States of America";"Utah";"Mojave Desert"
19;"Americas";12;"North America";840;"us";"United States of America";"Utah";"Uinta Mountains"
19;"Americas";12;"North America";840;"us";"United States of America";"Utah";"Wasatch Back"
19;"Americas";12;"North America";840;"us";"United States of America";"Utah";"Wasatch Front"
19;"Americas";12;"North America";840;"us";"United States of America";"Utah";"Wasatch Range"
19;"Americas";12;"North America";840;"us";"United States of America";"Vermont";"Champlain Valley"
19;"Americas";12;"North America";840;"us";"United States of America";"Vermont";"Green Mountains"
19;"Americas";12;"North America";840;"us";"United States of America";"Vermont";"Mount Mansfield"
19;"Americas";12;"North America";840;"us";"United States of America";"Vermont";"Northeast Kingdom"
19;"Americas";12;"North America";840;"us";"United States of America";"Virginia";"Appomattox Basin"
19;"Americas";12;"North America";840;"us";"United States of America";"Virginia";"Eastern Shore"
19;"Americas";12;"North America";840;"us";"United States of America";"Virginia";"Middle Peninsula"
19;"Americas";12;"North America";840;"us";"United States of America";"Virginia";"Northern Neck"
19;"Americas";12;"North America";840;"us";"United States of America";"Virginia";"Northern Virginia"
19;"Americas";12;"North America";840;"us";"United States of America";"Virginia";"Piedmont"
19;"Americas";12;"North America";840;"us";"United States of America";"Virginia";"Ridge-and-valley Appalachians"
19;"Americas";12;"North America";840;"us";"United States of America";"Virginia";"Shenandoah Valley"
19;"Americas";12;"North America";840;"us";"United States of America";"Virginia";"Southside Virginia"
19;"Americas";12;"North America";840;"us";"United States of America";"Virginia";"Southwest Virginia"
19;"Americas";12;"North America";840;"us";"United States of America";"Virginia";"Tidewater"
19;"Americas";12;"North America";840;"us";"United States of America";"Washington";"Central Washington"
19;"Americas";12;"North America";840;"us";"United States of America";"Washington";"Columbia River Plateau"
19;"Americas";12;"North America";840;"us";"United States of America";"Washington";"Eastern Washington"
19;"Americas";12;"North America";840;"us";"United States of America";"Washington";"Inland Empire"
19;"Americas";12;"North America";840;"us";"United States of America";"Washington";"Kitsap Peninsula"
19;"Americas";12;"North America";840;"us";"United States of America";"Washington";"Long Beach Peninsula"
19;"Americas";12;"North America";840;"us";"United States of America";"Washington";"Okanogan Country"
19;"Americas";12;"North America";840;"us";"United States of America";"Washington";"Olympic Peninsula"
19;"Americas";12;"North America";840;"us";"United States of America";"Washington";"Palouse"
19;"Americas";12;"North America";840;"us";"United States of America";"Washington";"Puget Sound"
19;"Americas";12;"North America";840;"us";"United States of America";"Washington";"San Juan Islands"
19;"Americas";12;"North America";840;"us";"United States of America";"Washington";"Western Washington"
19;"Americas";12;"North America";840;"us";"United States of America";"Washington";"Yakima Valley"
19;"Americas";12;"North America";840;"us";"United States of America";"West Virginia";"Allegheny Mountains"
19;"Americas";12;"North America";840;"us";"United States of America";"West Virginia";"Allegheny Plateau"
19;"Americas";12;"North America";840;"us";"United States of America";"West Virginia";"Baltimore-Washington Metropolitan Area"
19;"Americas";12;"North America";840;"us";"United States of America";"West Virginia";"Charleston Metropolitan Area"
19;"Americas";12;"North America";840;"us";"United States of America";"West Virginia";"Cumberland Plateau"
19;"Americas";12;"North America";840;"us";"United States of America";"West Virginia";"Eastern Panhandle"
19;"Americas";12;"North America";840;"us";"United States of America";"West Virginia";"North-Central West Virginia"
19;"Americas";12;"North America";840;"us";"United States of America";"West Virginia";"Northern Panhandle"
19;"Americas";12;"North America";840;"us";"United States of America";"West Virginia";"Potomac Highlands"
19;"Americas";12;"North America";840;"us";"United States of America";"West Virginia";"Ridge-and-valley Appalachians"
19;"Americas";12;"North America";840;"us";"United States of America";"West Virginia";"Southern West Virginia"
19;"Americas";12;"North America";840;"us";"United States of America";"Wisconsin";"Central Plain"
19;"Americas";12;"North America";840;"us";"United States of America";"Wisconsin";"Chicagoland"
19;"Americas";12;"North America";840;"us";"United States of America";"Wisconsin";"Chippewa Valley"
19;"Americas";12;"North America";840;"us";"United States of America";"Wisconsin";"Coulee Region"
19;"Americas";12;"North America";840;"us";"United States of America";"Wisconsin";"Eastern Ridges and Lowlands"
19;"Americas";12;"North America";840;"us";"United States of America";"Wisconsin";"Fox River"
19;"Americas";12;"North America";840;"us";"United States of America";"Wisconsin";"Lake Superior Lowland"
19;"Americas";12;"North America";840;"us";"United States of America";"Wisconsin";"Metro Milwaukee"
19;"Americas";12;"North America";840;"us";"United States of America";"Wisconsin";"Northern Highland"
19;"Americas";12;"North America";840;"us";"United States of America";"Wisconsin";"Western Upland"
19;"Americas";12;"North America";840;"us";"United States of America";"Wyoming";"Grand Teton"
19;"Americas";12;"North America";840;"us";"United States of America";"Wyoming";"Powder River Country"
19;"Americas";12;"North America";840;"us";"United States of America";"Wyoming";"Yellowstone"
2;"Africa";14;"Eastern Africa";108;"bi";"Burundi";"none";"none"
2;"Africa";14;"Eastern Africa";174;"km";"Comoros";"none";"none"
2;"Africa";14;"Eastern Africa";262;"dj";"Djibouti";"none";"none"
2;"Africa";14;"Eastern Africa";232;"er";"Eritrea";"none";"none"
2;"Africa";14;"Eastern Africa";231;"et";"Ethiopia";"none";"none"
2;"Africa";14;"Eastern Africa";404;"ke";"Kenya";"none";"none"
2;"Africa";14;"Eastern Africa";450;"mg";"Madagascar";"none";"none"
2;"Africa";14;"Eastern Africa";454;"mw";"Malawi";"none";"none"
2;"Africa";14;"Eastern Africa";480;"mu";"Mauritius";"none";"none"
2;"Africa";14;"Eastern Africa";175;"yt";"Mayotte";"none";"none"
2;"Africa";14;"Eastern Africa";508;"mz";"Mozambique";"none";"none"
2;"Africa";14;"Eastern Africa";638;"re";"Reunion";"none";"none"
2;"Africa";14;"Eastern Africa";646;"rw";"Rwanda";"none";"none"
2;"Africa";14;"Eastern Africa";690;"sc";"Seychelles";"none";"none"
2;"Africa";14;"Eastern Africa";706;"so";"Somalia";"none";"none"
2;"Africa";14;"Eastern Africa";800;"ug";"Uganda";"none";"none"
2;"Africa";14;"Eastern Africa";834;"tz";"United Republic of Tanzania";"none";"none"
2;"Africa";14;"Eastern Africa";894;"zm";"Zambia";"none";"none"
2;"Africa";14;"Eastern Africa";716;"zw";"Zimbabwe";"none";"none"
2;"Africa";17;"Middle Africa";24;"ao";"Angola";"none";"none"
2;"Africa";17;"Middle Africa";120;"cm";"Cameroon";"none";"none"
2;"Africa";17;"Middle Africa";140;"cf";"Central African Republic";"none";"none"
2;"Africa";17;"Middle Africa";148;"td";"Chad";"none";"none"
2;"Africa";17;"Middle Africa";178;"cg";"Congo";"none";"none"
2;"Africa";17;"Middle Africa";180;"cd";"Democratic Republic of the Congo";"none";"none"
2;"Africa";17;"Middle Africa";226;"gq";"Equatorial Guinea";"none";"none"
2;"Africa";17;"Middle Africa";266;"ga";"Gabon";"none";"none"
2;"Africa";17;"Middle Africa";678;"st";"Sao Tome and Principe";"none";"none"
2;"Africa";15;"Northern Africa";12;"dz";"Algeria";"none";"none"
2;"Africa";15;"Northern Africa";818;"eg";"Egypt";"none";"none"
2;"Africa";15;"Northern Africa";434;"ly";"Libyan Arab Jamahiriya";"none";"none"
2;"Africa";15;"Northern Africa";504;"ma";"Morocco";"none";"none"
2;"Africa";15;"Northern Africa";736;"sd";"Sudan";"none";"none"
2;"Africa";15;"Northern Africa";788;"tn";"Tunisia";"none";"none"
2;"Africa";15;"Northern Africa";732;"eh";"Western Sahara";"none";"none"
2;"Africa";18;"Southern Africa";72;"bw";"Botswana";"none";"none"
2;"Africa";18;"Southern Africa";426;"ls";"Lesotho";"none";"none"
2;"Africa";18;"Southern Africa";516;"na";"Namibia";"none";"none"
2;"Africa";18;"Southern Africa";710;"za";"South Africa";"none";"none"
2;"Africa";18;"Southern Africa";748;"sz";"Swaziland";"none";"none"
2;"Africa";11;"Western Africa";204;"bj";"Benin";"none";"none"
2;"Africa";11;"Western Africa";854;"bf";"Burkina Faso";"none";"none"
2;"Africa";11;"Western Africa";132;"cv";"Cape Verde";"none";"none"
2;"Africa";11;"Western Africa";384;"ci";"Cote d'Ivoire";"none";"none"
2;"Africa";11;"Western Africa";270;"gm";"Gambia";"none";"none"
2;"Africa";11;"Western Africa";288;"gh";"Ghana";"none";"none"
2;"Africa";11;"Western Africa";324;"gn";"Guinea";"none";"none"
2;"Africa";11;"Western Africa";624;"gw";"Guinea-Bissau";"none";"none"
2;"Africa";11;"Western Africa";430;"lr";"Liberia";"none";"none"
2;"Africa";11;"Western Africa";466;"ml";"Mali";"none";"none"
2;"Africa";11;"Western Africa";478;"mr";"Mauritania";"none";"none"
2;"Africa";11;"Western Africa";562;"ne";"Niger";"none";"none"
2;"Africa";11;"Western Africa";566;"ng";"Nigeria";"none";"none"
2;"Africa";11;"Western Africa";654;"sh";"Saint Helena";"none";"none"
2;"Africa";11;"Western Africa";686;"sn";"Senegal";"none";"none"
2;"Africa";11;"Western Africa";694;"sl";"Sierra Leone";"none";"none"
2;"Africa";11;"Western Africa";768;"tg";"Togo";"none";"none"
19;"Americas";13;"Central America";32;"ar";"Argentina";"none";"none"
19;"Americas";13;"Central America";84;"bz";"Belize";"none";"none"
19;"Americas";13;"Central America";68;"bo";"Bolivia";"none";"none"
19;"Americas";13;"Central America";76;"br";"Brazil";"none";"none"
19;"Americas";13;"Central America";152;"cl";"Chile";"none";"none"
19;"Americas";13;"Central America";170;"co";"Colombia";"none";"none"
19;"Americas";13;"Central America";188;"cr";"Costa Rica";"none";"none"
19;"Americas";13;"Central America";218;"ec";"Ecuador";"none";"none"
19;"Americas";13;"Central America";222;"sv";"El Salvador";"none";"none"
19;"Americas";13;"Central America";238;"fk";"Falkland Islands (Malvinas)";"none";"none"
19;"Americas";13;"Central America";254;"gf";"French Guiana";"none";"none"
19;"Americas";13;"Central America";320;"gt";"Guatemala";"none";"none"
19;"Americas";13;"Central America";328;"gy";"Guyana";"none";"none"
19;"Americas";13;"Central America";340;"hn";"Honduras";"none";"none"
19;"Americas";13;"Central America";484;"mx";"Mexico";"none";"none"
19;"Americas";13;"Central America";558;"ni";"Nicaragua";"none";"none"
19;"Americas";13;"Central America";591;"pa";"Panama";"none";"none"
19;"Americas";13;"Central America";600;"py";"Paraguay";"none";"none"
19;"Americas";13;"Central America";604;"pe";"Peru";"none";"none"
19;"Americas";13;"Central America";740;"sr";"Suriname";"none";"none"
19;"Americas";13;"Central America";858;"uy";"Uruguay";"none";"none"
19;"Americas";13;"Central America";862;"ve";"Venezuela (Bolivarian Republic of)";"none";"none"
19;"Americas";419;"Latin America and the Caribbean";660;"ai";"Anguilla";"none";"none"
19;"Americas";419;"Latin America and the Caribbean";28;"ag";"Antigua and Barbuda";"none";"none"
19;"Americas";419;"Latin America and the Caribbean";533;"aw";"Aruba";"none";"none"
19;"Americas";419;"Latin America and the Caribbean";44;"bs";"Bahamas";"none";"none"
19;"Americas";419;"Latin America and the Caribbean";52;"bb";"Barbados";"none";"none"
19;"Americas";419;"Latin America and the Caribbean";92;"io";"British Virgin Islands";"none";"none"
19;"Americas";419;"Latin America and the Caribbean";136;"ky";"Cayman Islands";"none";"none"
19;"Americas";419;"Latin America and the Caribbean";192;"cu";"Cuba";"none";"none"
19;"Americas";419;"Latin America and the Caribbean";212;"dm";"Dominica";"none";"none"
19;"Americas";419;"Latin America and the Caribbean";214;"do";"Dominican Republic";"none";"none"
19;"Americas";419;"Latin America and the Caribbean";308;"gd";"Grenada";"none";"none"
19;"Americas";419;"Latin America and the Caribbean";312;"gp";"Guadeloupe";"none";"none"
19;"Americas";419;"Latin America and the Caribbean";332;"ht";"Haiti";"none";"none"
19;"Americas";419;"Latin America and the Caribbean";388;"jm";"Jamaica";"none";"none"
19;"Americas";419;"Latin America and the Caribbean";474;"mq";"Martinique";"none";"none"
19;"Americas";419;"Latin America and the Caribbean";500;"ms";"Montserrat";"none";"none"
19;"Americas";419;"Latin America and the Caribbean";530;"an";"Netherlands Antilles";"none";"none"
19;"Americas";419;"Latin America and the Caribbean";630;"pr";"Puerto Rico";"none";"none"
19;"Americas";419;"Latin America and the Caribbean";659;"kn";"Saint Kitts and Nevis";"none";"none"
19;"Americas";419;"Latin America and the Caribbean";662;"lc";"Saint Lucia";"none";"none"
19;"Americas";419;"Latin America and the Caribbean";670;"vc";"Saint Vincent and the Grenadines";"none";"none"
19;"Americas";419;"Latin America and the Caribbean";780;"tt";"Trinidad and Tobago";"none";"none"
19;"Americas";419;"Latin America and the Caribbean";796;"tc";"Turks and Caicos Islands";"none";"none"
19;"Americas";419;"Latin America and the Caribbean";850;"vi";"United States Virgin Islands";"none";"none"
19;"Americas";12;"North America";60;"bm";"Bermuda";"none";"none"
19;"Americas";12;"North America";124;"ca";"Canada";"none";"none"
19;"Americas";12;"North America";304;"gl";"Greenland";"none";"none"
19;"Americas";12;"North America";666;"pm";"Saint Pierre and Miquelon";"none";"none"
142;"Asia";143;"Central Asia";398;"kz";"Kazakhstan";"none";"none"
142;"Asia";143;"Central Asia";417;"kg";"Kyrgyzstan";"none";"none"
142;"Asia";143;"Central Asia";762;"tj";"Tajikistan";"none";"none"
142;"Asia";143;"Central Asia";795;"tm";"Turkmenistan";"none";"none"
142;"Asia";143;"Central Asia";860;"uz";"Uzbekistan";"none";"none"
142;"Asia";30;"Eastern Asia";156;"cn";"China";"none";"none"
142;"Asia";30;"Eastern Asia";408;"kp";"Democratic People's Republic of Korea";"none";"none"
142;"Asia";30;"Eastern Asia";344;"hk";"Hong Kong Special Administrative Region of China";"none";"none"
142;"Asia";30;"Eastern Asia";392;"jp";"Japan";"none";"none"
142;"Asia";30;"Eastern Asia";446;"mo";"Macao Special Administrative Region of China";"none";"none"
142;"Asia";30;"Eastern Asia";496;"mn";"Mongolia";"none";"none"
142;"Asia";30;"Eastern Asia";410;"kr";"Republic of Korea";"none";"none"
142;"Asia";35;"South-Eastern Asia";96;"bn";"Brunei Darussalam";"none";"none"
142;"Asia";35;"South-Eastern Asia";116;"kh";"Cambodia";"none";"none"
142;"Asia";35;"South-Eastern Asia";360;"id";"Indonesia";"none";"none"
142;"Asia";35;"South-Eastern Asia";418;"la";"Lao People's Democratic Republic";"none";"none"
142;"Asia";35;"South-Eastern Asia";458;"my";"Malaysia";"none";"none"
142;"Asia";35;"South-Eastern Asia";104;"mm";"Myanmar";"none";"none"
142;"Asia";35;"South-Eastern Asia";608;"ph";"Philippines";"none";"none"
142;"Asia";35;"South-Eastern Asia";702;"sg";"Singapore";"none";"none"
142;"Asia";35;"South-Eastern Asia";764;"th";"Thailand";"none";"none"
142;"Asia";35;"South-Eastern Asia";626;"tl";"Timor-Leste";"none";"none"
142;"Asia";35;"South-Eastern Asia";704;"vn";"Viet Nam";"none";"none"
142;"Asia";34;"Southern Asia";4;"af";"Afghanistan";"none";"none"
142;"Asia";34;"Southern Asia";50;"bd";"Bangladesh";"none";"none"
142;"Asia";34;"Southern Asia";64;"bt";"Bhutan";"none";"none"
142;"Asia";34;"Southern Asia";356;"in";"India";"none";"none"
142;"Asia";34;"Southern Asia";364;"ir";"Iran Islamic Republic of";"none";"none"
142;"Asia";34;"Southern Asia";462;"mv";"Maldives";"none";"none"
142;"Asia";34;"Southern Asia";524;"np";"Nepal";"none";"none"
142;"Asia";34;"Southern Asia";586;"pk";"Pakistan";"none";"none"
142;"Asia";34;"Southern Asia";144;"lk";"Sri Lanka";"none";"none"
142;"Asia";145;"Western Asia";51;"am";"Armenia";"none";"none"
142;"Asia";145;"Western Asia";31;"az";"Azerbaijan";"none";"none"
142;"Asia";145;"Western Asia";48;"bh";"Bahrain";"none";"none"
142;"Asia";145;"Western Asia";196;"cy";"Cyprus";"none";"none"
142;"Asia";145;"Western Asia";268;"ge";"Georgia";"none";"none"
142;"Asia";145;"Western Asia";368;"iq";"Iraq";"none";"none"
142;"Asia";145;"Western Asia";376;"il";"Israel";"none";"none"
142;"Asia";145;"Western Asia";400;"jo";"Jordan";"none";"none"
142;"Asia";145;"Western Asia";14;"kw";"Kuwait";"none";"none"
142;"Asia";145;"Western Asia";22;"lb";"Lebanon";"none";"none"
142;"Asia";145;"Western Asia";75;"ps";"Occupied Palestinian Territory";"none";"none"
142;"Asia";145;"Western Asia";12;"om";"Oman";"none";"none"
142;"Asia";145;"Western Asia";34;"qa";"Qatar";"none";"none"
142;"Asia";145;"Western Asia";82;"sa";"Saudi Arabia";"none";"none"
142;"Asia";145;"Western Asia";60;"sy";"Syrian Arab Republic";"none";"none"
142;"Asia";145;"Western Asia";92;"tr";"Turkey";"none";"none"
142;"Asia";145;"Western Asia";84;"ae";"United Arab Emirates";"none";"none"
142;"Asia";145;"Western Asia";87;"ye";"Yemen";"none";"none"
150;"Europe";151;"Eastern Europe";112;"by";"Belarus";"none";"none"
150;"Europe";151;"Eastern Europe";100;"bg";"Bulgaria";"none";"none"
150;"Europe";151;"Eastern Europe";203;"cz";"Czech Republic";"none";"none"
150;"Europe";151;"Eastern Europe";348;"hu";"Hungary";"none";"none"
150;"Europe";151;"Eastern Europe";616;"pl";"Poland";"none";"none"
150;"Europe";151;"Eastern Europe";498;"md";"Republic of Moldova";"none";"none"
150;"Europe";151;"Eastern Europe";642;"ro";"Romania";"none";"none"
150;"Europe";151;"Eastern Europe";643;"ru";"Russian Federation";"none";"none"
150;"Europe";151;"Eastern Europe";703;"sk";"Slovakia";"none";"none"
150;"Europe";151;"Eastern Europe";804;"ua";"Ukraine";"none";"none"
150;"Europe";154;"Northern Europe";830;"gg";"Channel Islands";"none";"none"
150;"Europe";154;"Northern Europe";208;"dk";"Denmark";"none";"none"
150;"Europe";154;"Northern Europe";233;"ee";"Estonia";"none";"none"
150;"Europe";154;"Northern Europe";234;"fo";"Faeroe Islands";"none";"none"
150;"Europe";154;"Northern Europe";246;"fi";"Finland";"none";"none"
150;"Europe";154;"Northern Europe";831;"gg";"Guernsey";"none";"none"
150;"Europe";154;"Northern Europe";352;"is";"Iceland";"none";"none"
150;"Europe";154;"Northern Europe";372;"ie";"Ireland";"none";"none"
150;"Europe";154;"Northern Europe";833;"im";"Isle of Man";"none";"none"
150;"Europe";154;"Northern Europe";832;"je";"Jersey";"none";"none"
150;"Europe";154;"Northern Europe";428;"lv";"Latvia";"none";"none"
150;"Europe";154;"Northern Europe";440;"lt";"Lithuania";"none";"none"
150;"Europe";154;"Northern Europe";578;"no";"Norway";"none";"none"
150;"Europe";154;"Northern Europe";248;"se";"Oland Islands";"none";"none"
150;"Europe";154;"Northern Europe";744;"sj";"Svalbard and Jan Mayen Islands";"none";"none"
150;"Europe";154;"Northern Europe";752;"se";"Sweden";"none";"none"
150;"Europe";39;"Southern Europe";8;"al";"Albania";"none";"none"
150;"Europe";39;"Southern Europe";20;"ad";"Andorra";"none";"none"
150;"Europe";39;"Southern Europe";70;"ba";"Bosnia and Herzegovina";"none";"none"
150;"Europe";39;"Southern Europe";191;"hr";"Croatia";"none";"none"
150;"Europe";39;"Southern Europe";292;"gi";"Gibraltar";"none";"none"
150;"Europe";39;"Southern Europe";300;"gr";"Greece";"none";"none"
150;"Europe";39;"Southern Europe";336;"va";"Holy See";"none";"none"
150;"Europe";39;"Southern Europe";380;"it";"Italy";"none";"none"
150;"Europe";39;"Southern Europe";470;"mt";"Malta";"none";"none"
150;"Europe";39;"Southern Europe";499;"me";"Montenegro";"none";"none"
150;"Europe";39;"Southern Europe";620;"pt";"Portugal";"none";"none"
150;"Europe";39;"Southern Europe";674;"sm";"San Marino";"none";"none"
150;"Europe";39;"Southern Europe";688;"rs";"Serbia";"none";"none"
150;"Europe";39;"Southern Europe";705;"si";"Slovenia";"none";"none"
150;"Europe";39;"Southern Europe";724;"es";"Spain";"none";"none"
150;"Europe";39;"Southern Europe";807;"mk";"The former Yugoslav Republic of Macedonia";"none";"none"
150;"Europe";155;"Western Europe";40;"at";"Austria";"none";"none"
150;"Europe";155;"Western Europe";56;"be";"Belgium";"none";"none"
150;"Europe";155;"Western Europe";276;"de";"Germany";"none";"none"
150;"Europe";155;"Western Europe";438;"li";"Liechtenstein";"none";"none"
150;"Europe";155;"Western Europe";442;"lu";"Luxembourg";"none";"none"
150;"Europe";155;"Western Europe";492;"mc";"Monaco";"none";"none"
150;"Europe";155;"Western Europe";528;"nl";"Netherlands";"none";"none"
150;"Europe";155;"Western Europe";756;"ch";"Switzerland";"none";"none"
9;"Oceania";53;"Australia and New Zealand";36;"au";"Australia";"none";"none"
9;"Oceania";53;"Australia and New Zealand";554;"nz";"New Zealand";"none";"none"
9;"Oceania";53;"Australia and New Zealand";574;"nf";"Norfolk Island";"none";"none"
9;"Oceania";54;"Melanesia";242;"fj";"Fiji";"none";"none"
9;"Oceania";54;"Melanesia";540;"nc";"New Caledonia";"none";"none"
9;"Oceania";54;"Melanesia";598;"pg";"Papua New Guinea";"none";"none"
9;"Oceania";54;"Melanesia";90;"sb";"Solomon Islands";"none";"none"
9;"Oceania";54;"Melanesia";548;"vu";"Vanuatu";"none";"none"
9;"Oceania";57;"Micronesia";316;"gu";"Guam";"none";"none"
9;"Oceania";57;"Micronesia";296;"ki";"Kiribati";"none";"none"
9;"Oceania";57;"Micronesia";584;"mh";"Marshall Islands";"none";"none"
9;"Oceania";57;"Micronesia";583;"fm";"Micronesia Federated States of";"none";"none"
9;"Oceania";57;"Micronesia";520;"nr";"Nauru";"none";"none"
9;"Oceania";57;"Micronesia";580;"mp";"Northern Mariana Islands";"none";"none"
9;"Oceania";57;"Micronesia";585;"pw";"Palau";"none";"none"
9;"Oceania";61;"Polynesia";16;"as";"American Samoa";"none";"none"
9;"Oceania";61;"Polynesia";184;"ck";"Cook Islands";"none";"none"
9;"Oceania";61;"Polynesia";258;"pf";"French Polynesia";"none";"none"
9;"Oceania";61;"Polynesia";570;"nu";"Niue";"none";"none"
9;"Oceania";61;"Polynesia";612;"pn";"Pitcairn";"none";"none"
9;"Oceania";61;"Polynesia";882;"ws";"Samoa";"none";"none"
9;"Oceania";61;"Polynesia";772;"tk";"Tokelau";"none";"none"
9;"Oceania";61;"Polynesia";776;"to";"Tonga";"none";"none"
9;"Oceania";61;"Polynesia";798;"tv";"Tuvalu";"none";"none"
9;"Oceania";61;"Polynesia";876;"wf";"Wallis and Futuna Islands";"none";"none"
